Student_ID,Math_Grade,Programming_Grade,Database_Grade,Networking_Grade,SoftSkills_Grade,Attendance_Rate,Study_Hours_Weekly,Previous_GPA
1001,56.217808319315374,78.87131998138216,42.959305018703375,66.33572495953527,48.31939786151342,,41,1.5410956512267435
1002,96.55000144869413,67.52674564408844,67.93306631648507,63.54273143408117,47.28851593503999,,12,1.7406667393671422
1003,81.23957592679835,51.66693314004294,91.10620851134857,31.7949446064505,93.43782063647257,74.41173708733439,11,2.436589104652811
1004,71.90609389379256,86.96565137948642,81.25574204866928,53.887347933830945,47.46823398946543,97.36282861671599,18,1.547228738987031
1005,40.921304830970556,77.93118207877154,86.45928035030148,56.613693315009996,49.03648082900417,52.02847093170416,7,1.5514493457455942
1006,40.91961642353419,41.38318575414239,76.11483566975022,57.91759466278303,83.15787836925746,46.55585261857728,20,4.249809904927233
1007,34.06585285177396,93.76490291456898,78.45935951624966,70.61206584591326,61.481788971537796,91.23771801732534,23,3.618475506357162
1008,90.63233020424546,87.57760700462183,89.44369560957236,67.3521782708815,84.36973898686269,66.3489889980249,22,2.4268679702044578
1009,72.07805082202461,96.48599393043469,47.47676062014301,72.55335649554112,34.575631029506965,90.81813125242363,20,1.8979337328028594
1010,79.56508044572318,80.8003655871852,64.25974745501983,83.54182830794898,64.12998355713691,93.5854123117249,12,3.0349071536852312
1011,31.440914600706172,72.93906371550528,45.484660927372154,86.90900171012655,32.35295201282978,43.74745561714428,37,1.5160384825630935
1012,97.8936896513396,59.27701254034332,99.13676055976529,80.2686153358546,34.38572424187482,93.00788577916364,16,4.315241231574432
1013,88.27098485602951,95.29099383478093,96.08415377806293,96.88665871684543,93.45062173410876,66.89914332216533,15,2.7444453581668418
1014,44.863737747479334,90.62447226502859,32.759876795795414,31.276280787345314,39.74717597823166,,9,2.7070048657119985
1015,42.72774770449704,33.16530690743326,79.3902620760982,43.70445899784823,67.2694477592652,77.59555066559261,31,2.6717808227453466
1016,42.83831568974037,31.84568821480764,94.7673822190966,30.52940124846995,58.77669218204946,95.58295640380521,16,1.7079849911632943
1017,51.29695700716764,56.352435681463476,42.64027415891334,75.32322999082221,54.31403283811899,41.14696566578584,21,3.41496671937548
1018,66.73295021425665,86.7387331547283,69.75616613868407,92.86213842649909,92.98833419810907,68.61060809906903,10,3.6990108588850603
1019,60.2361513049481,99.1093290520461,94.08418083116293,47.043760760340945,31.527637774284266,81.26332254583363,37,3.528376192764871
1020,50.386039813862936,40.52918237724697,32.37621850100592,94.89241813574147,76.46527803229124,83.3624174618937,9,1.915306479988183
1021,72.82970263056657,71.58915007464947,78.8194187072788,34.21871732026926,97.43761039494854,81.55194589222648,32,3.2365205041067777
1022,39.76457024564293,56.66235996417151,50.81443051607855,95.410521876386,69.21177284232894,48.06610776448731,18,3.2084534525167614
1023,50.45012539746527,97.89400784702222,94.70773367635712,54.61358810677441,95.57757234231643,57.963735302300876,9,4.105232363824146
1024,55.645329030558415,88.9483246194996,97.97407716157575,37.099457991445156,33.65805155002166,61.52293152502081,37,2.637382975126941
1025,61.92489889519251,88.68300932977965,96.09865423794038,64.01102314304279,59.31553233519129,88.2662324607703,23,2.614457830978303
1026,84.96231729751095,62.80852118564792,63.194995166022466,47.97435974043556,48.21104536734358,56.72559234487318,26,3.3555811761545566
1027,-10.0,59.037365163636565,90.34298556925194,49.94110313733459,81.15746754865108,52.64229783203219,9,3.399217960498539
1028,65.9964106889528,49.13849503514943,89.11845789745493,51.51029754484006,98.69079633480726,97.44688114228578,6,2.907855681977371
1029,71.46901982034296,33.9462847655649,52.337033127027894,86.21181284828644,47.957104371097344,40.531797106808135,34,2.8291780869912633
1030,33.25152889039984,90.53056633785373,88.02408319054742,67.74128936726781,75.79222210318521,99.8692513409187,43,2.982443011913648
1031,72.5281396331007,86.90307063910544,32.59053443008448,51.791538940920255,43.86683429318181,80.60927793144373,8,4.083135898509935
1032,41.936688658110405,99.98023713002914,71.73889149374372,72.72336483176429,69.5731178200127,89.70815796694703,37,2.88350070376173
1033,34.55361150896957,99.76457859517338,46.100618610139215,80.13054719562355,62.47527406818353,57.67716378077159,17,4.319795375909467
1034,96.42198760773333,68.88021939218392,38.43968200440952,49.083680051347365,98.0403730742076,40.858916660023596,24,3.012011290788978
1035,97.59424231521916,83.82911906263573,35.38672411404464,58.948437106774605,72.59690908875265,84.2721711136918,11,4.347602079542674
1036,86.58781436815228,96.13360109176996,78.74021431146979,38.53202653358633,54.46544604607732,90.04867582004054,19,3.998495705607227
1037,51.32296384213595,89.47531734741881,53.791247463764634,42.68045446742762,37.986704942155335,84.42856791721115,27,2.5872939678474873
1038,36.83704798044687,47.31436712202384,80.73367400701329,77.6782497775488,40.58727801144542,48.57101723805032,18,4.090924263889848
1039,77.89631185585098,61.53808947170654,34.574943855925966,42.70068433869389,45.772185096586455,85.20567533541814,27,1.8301898526033455
1040,60.81067456177209,39.04115906060465,52.07032364814272,66.76143685669422,47.567666293820864,86.13536692645846,23,4.275141526029044
1041,38.54267643913452,96.78357190811056,67.7643904662736,79.63323832057029,89.54312404887965,79.5124309402033,33,3.394930545248675
1042,64.6623837077889,72.4322244115616,85.35062153872744,37.48138461663207,69.28559517977675,85.96695596773517,24,1.6631722455669335
1043,32.40719647806529,46.00499638524239,52.312675205244894,69.71185537402326,66.63736379620565,90.75528638066393,33,3.4327701709524345
1044,93.65242814551475,77.01904790840997,73.81239635059063,47.95939485909547,38.033821030845225,76.81624685424751,28,4.422742962434269
1045,48.11459871200118,73.26897683205272,92.0184423765331,97.40488126663058,90.20977853446044,45.31628283818074,22,1.7094019638438867
1046,76.37655990477873,55.071390262298834,73.11042317276133,63.84819527039473,80.59700122459387,69.25766858003266,14,3.164063129340259
1047,51.819775326258764,37.94903145397403,46.30716323275436,86.41947848426108,34.736785333000114,44.6589600802963,12,3.7433830492781173
1048,66.40476148244676,77.01012369149598,31.70805470895766,68.51585795093833,79.5484568060838,64.45258186194584,30,3.930775760098594
1049,-10.0,66.42153906326553,90.90692117306509,33.03887729983734,68.04767521398523,,33,2.7414823959623877
1050,42.93981188678689,84.06228742149474,31.4888587595271,74.32059629158157,35.72077420227448,43.960590648414495,14,2.112499677504729
1051,97.8709239435191,66.41144507783955,91.22911708789397,96.598233954466,62.08104490700595,60.92923203816876,21,1.6270268363171514
1052,84.25929763527802,89.65270502229781,67.02559938190484,72.11282741024318,63.92874009910329,46.65988592747889,6,3.239178471291674
1053,95.76492590949324,68.633478714214,95.73473889590274,87.34322015987532,41.6042178114293,88.49411260055334,10,2.8587332108028325
1054,92.63791452993541,69.26565800747704,85.91482650415658,91.89445243438854,96.19887029001976,96.86128155786824,9,4.346233185449133
1055,71.85299851677595,91.36575218608415,99.85538773733363,45.96558403642527,89.49827600364634,44.338988515476316,32,1.6818147231447294
1056,94.53119645161817,58.243800634867796,54.54982708161971,44.84313879357586,76.83156361303759,97.30691243750209,9,3.5561860303380173
1057,36.194475143634364,39.38106599154485,83.70318022517888,72.76866921956942,62.360689270042506,71.3545959602047,22,1.5748986663601716
1058,43.718800369340165,32.014787341933726,58.13516395264695,58.771992886469334,58.82358791091559,57.973940677232434,30,2.014302530131628
1059,-10.0,82.85960789715332,63.59129342127362,88.79029120067042,75.5681427005668,44.61172451656981,24,2.8607369997685024
1060,52.7731231534285,73.42166859474253,73.9253824252859,93.00161863786079,68.18023085848338,70.03745608422507,31,2.8646173284086047
1061,57.20741027826374,79.28558376694565,91.15739799304372,54.73949655119027,34.359117411731994,87.67093266944492,16,3.5571016288009316
1062,48.99443222417271,44.90749130562375,98.88584284395066,46.58093912821374,65.87518541392322,,11,4.23063910460327
1063,88.01162564063506,39.54600329107389,83.77913897051627,84.63678606707032,86.44825320629877,43.01356068783843,7,3.4170964767447627
1064,54.97273286855125,31.018126596751735,59.243674751713364,49.23642248836953,62.146791431787065,44.374110122074214,14,4.360605293554526
1065,49.66541567811665,54.54112911646179,59.494990159394916,87.58300229595748,33.63696042879879,64.17239695795823,38,4.144846919633993
1066,67.9887258210774,71.29423807982431,81.6307611112224,59.66167775541339,85.03947395688232,57.717429642876596,29,3.2534993865923707
1067,39.86469574823339,57.45708315698126,46.71440020378117,76.72849295040294,44.09546474951821,53.94305938336287,39,4.001375852756482
1068,86.15378865278278,60.62324454166104,37.733187919197626,36.68747196842677,48.10345844216272,56.86026993452282,20,3.427732830970902
1069,35.21854505758396,93.29110861456239,54.82355103485436,73.67015272736012,41.529444740260715,88.20896459781308,6,1.7356734927711814
1070,99.08208556203621,54.37788269163103,50.10672941578572,61.62373751160604,53.115054541004824,95.75368321791123,28,3.7216941697785297
1071,84.05713385076602,65.97926424118675,50.741568431919305,71.06259242228319,82.97260539820445,64.30616167165398,14,1.7847253238020386
1072,43.91009770739207,84.85571089188002,46.35254257349369,41.76099454214044,66.35701016527561,94.36666012794981,42,3.2822483417091375
1073,30.386548198652168,57.75799476248891,32.946523274545335,81.58116214609275,44.34168919054988,59.28974207487292,26,3.6079206175746865
1074,87.0822999918384,73.54606901595115,31.251175431338968,90.39579542802599,91.44810547064286,68.5862191806275,30,1.6995828246325657
1075,79.48001406933321,90.36545961227216,99.14056728152221,45.171786006354296,91.57072984660704,53.56173986895998,43,2.192383961779595
1076,81.03050176286911,96.46644365603495,59.94411936151036,36.70001888641132,90.94048975322048,78.42856253055064,31,4.24701669678495
1077,83.9889242680162,40.295143665032654,56.90286530117771,31.654701023243547,46.71573479670775,98.73886691048853,33,3.348943476698689
1078,-10.0,94.86113376130461,77.57530978851489,74.93800503102862,61.58675409266917,76.20958576260273,42,2.238858056431595
1079,55.09260099809909,64.44814051556767,45.27777215055449,72.49658252621465,98.94927592986126,61.46884504681293,24,3.57203931344402
1080,38.110834166759076,48.07710718092709,96.49728287651577,68.2688188899849,84.04087334169932,78.86904675943171,31,3.290329259885069
1081,90.41723981129155,62.13950293667829,85.04415100908864,46.236296728118276,31.901719485789187,47.375240707923254,24,3.004727099753845
1082,73.63086887792906,98.6022802699834,36.258770161858166,57.36341971338602,34.56432138823445,93.31954481592392,23,4.428560924964251
1083,53.16286173968544,64.48326657950088,59.230654304944984,71.61334346303212,62.475196376863295,70.18503704679019,24,3.5503613322225265
1084,34.44908452002166,53.012612720125574,91.53828152935154,64.77368012014185,93.64541441030921,66.96098452237852,39,2.626323329003738
1085,51.76876252009635,74.3380598021708,96.13124156039872,99.14498641504211,67.70912585669,75.15188730721115,6,3.900220296230604
1086,52.76283254187229,46.810193314473516,62.718105787490884,39.550782678971316,64.84687556240031,77.48703176736414,34,4.153749878763563
1087,81.07243248366449,35.310432967606474,72.93879724474954,78.66011878333157,37.38315899696414,44.30654837359078,38,1.8756616785504943
1088,74.62902299486493,39.02158053374545,41.69237622644526,58.30231376730045,75.9746073307006,80.95703327340414,26,2.1016589335357994
1089,92.10489198034286,38.96320872704407,99.38180382958836,59.973973044793034,87.54722124201578,54.515900818931776,7,2.148681027383339
1090,63.055044761336454,40.633188545860605,46.21701909684104,80.23184359607234,56.62940052552936,82.83715795039538,10,3.573635428159621
1091,38.37159721568112,39.71790208545871,95.99122418945879,78.47053059270587,84.29282956477292,89.3520876630518,19,3.30911866515985
1092,79.92713510560965,74.86123213622503,75.4752654294658,99.38791955915318,97.51336577305682,88.23751045315122,31,3.3569746940957645
1093,83.25495340318282,42.731605907940136,72.54157564152014,38.98760026178877,44.26365213893824,73.15005804447335,14,4.3223198990685034
1094,69.28940382986474,54.19670983267042,65.88819577115561,37.28767545689164,66.63307418363189,71.21019353864507,13,3.8277345984219178
1095,83.96770259681927,92.77518869342083,46.14688682024311,80.70371719901189,50.09965706592028,48.5725576803647,37,1.8838107735353495
1096,64.56569174550735,63.177314818401065,42.35696224038558,70.48708419044863,85.49980933236876,86.52076902418813,36,2.542521247275543
1097,66.59129805673959,76.72904169647191,45.43403463491227,49.19124665918641,70.43153561168103,56.28456282680286,10,2.806180938527207
1098,59.927871285098476,42.06239098411409,43.05067835009782,35.55935582922906,74.42076922852127,69.80172536907679,40,2.6878847662428145
1099,31.77933887208666,43.46023131660695,84.57091314967273,35.99607747175014,85.85399117311258,57.056445575651004,6,3.5079258274856375
1100,37.552399889531316,32.86080313865352,54.508768141671105,92.59336122648827,57.71793308637184,48.029701779981586,33,4.175679309769688
1101,32.200042998071396,41.82545441505152,34.048987359437746,43.430712730312,94.05630478849302,77.77346181350418,8,2.418154390568364
1102,74.54872878846463,49.501323732237104,97.83718410985679,52.63600934808645,67.3120207072298,43.25992208937423,5,3.155631409263557
1103,52.004918675342864,42.39073389937228,91.8650119474398,45.86594815588916,41.05683759847436,84.918714047572,23,3.8682282657407567
1104,65.5999483815292,36.20917736299389,94.94265982366491,54.849741408235616,78.71293827181617,59.055207715666995,30,2.748654176536048
1105,93.5296531748265,38.44451097704206,99.64354758525047,34.85966899222654,85.52829453067781,40.00808158026912,29,2.0043543851978876
1106,47.450456040421244,62.254513762290806,42.17266744536411,66.33418536357892,52.173317394726865,70.6677483542338,14,2.9248528957912447
1107,58.72680461249408,44.44336028840547,57.736941323186116,34.73287945145504,90.0025479899127,42.811114511656186,19,1.6656675622290855
1108,82.88857969801342,55.498890273365284,83.07669329928639,86.02495554756531,93.43002783360365,56.57017346925397,26,4.32715036200683
1109,46.015871584413574,65.23920895983998,78.72144326376545,46.35984573373031,49.38331411644663,82.41858924734296,25,1.7244636155849191
1110,35.38859368801551,78.32763800405557,40.772713443789854,67.80083402231574,98.84650309006554,43.76137729731195,26,2.8153701457517344
1111,50.28260170396376,32.751849788876925,87.10831874934325,91.60553612930208,39.84980696341309,90.36030954136014,40,3.0896437832655783
1112,41.285490107780305,85.95872792363298,45.710840028566246,75.56141583330358,44.141096788174295,40.22919535951499,38,4.455911496861857
1113,95.07883566398012,73.95302726436354,45.667233037583614,67.30704505859347,42.89573874666183,54.809432152114134,34,1.9980654709285823
1114,86.56842656950919,35.72313223642104,67.58820960253895,52.70336271807629,92.57927970055093,84.45424336912428,29,1.8432945558370757
1115,74.33826295572965,91.15050368747441,71.50579543891922,53.31013391407386,75.80047866274734,58.97620898375841,32,1.5261184411876307
1116,91.00224131314025,94.46106803722692,70.60603454864679,76.86408686387331,40.6472998255591,46.11354328396081,5,1.966714310607907
1117,86.257045382938,34.275457189840466,36.40407861784284,99.58975528548173,60.82263928578443,61.61403512802568,8,2.121818937203003
1118,43.05990412202251,49.38143537030426,91.42226038412662,76.3287432894565,73.07086175488614,56.22359718307153,11,3.3917428247492767
1119,92.47912989429844,86.4340895855143,48.592002981209426,69.04483921590175,35.84248594925683,,13,2.1591203711742013
1120,67.75395693409556,82.37817832685609,39.06604448979629,81.14553571674722,91.76914578851371,58.80087505510859,40,1.5615624441879756
1121,-10.0,42.91647135494641,92.2123655908284,62.56439285986027,86.25224748090747,87.33594830656043,23,3.979855036507466
1122,92.72639099464453,44.65445263356972,96.89560487608274,34.209963982054965,65.36447415036469,93.51232868864409,5,2.5967871030119003
1123,52.26024324803047,55.93304719539674,90.34893320858154,69.36077711145369,97.69886306814193,66.02904517459177,14,2.561090059742202
1124,37.70363471693737,63.916608963371495,86.66612523074147,97.03376991537661,59.24326854925698,94.59658863126353,40,2.4074370875037796
1125,45.95546137793592,73.27783400712072,75.86693864473152,42.271205965036174,98.88772233255484,62.63908323779157,13,4.426119831439262
1126,59.89754520383794,55.82395476988407,68.56001594263975,78.3003423574466,76.7543999162539,97.8447049894065,36,2.0103462519278446
1127,87.26103361457452,62.37743012932035,36.08907319379871,44.06535820613395,74.4269891277759,45.35737147153438,36,4.194714191859705
1128,-10.0,82.32296566936296,58.59172491494891,67.50793791311568,41.61684267070495,81.22115599019457,10,3.8304099964196636
1129,30.48664913718335,32.56782420234185,56.08819619086198,36.767351475270374,91.73494308132507,69.62884242741572,42,1.7294398664979393
1130,65.7523111804296,47.67058610408145,48.182764863222836,61.52596553807296,59.92427815444306,63.25892832733882,21,4.460187304502546
1131,-10.0,79.93447101191867,80.63940795820095,82.93143302266722,41.35633840477355,77.96271272491606,14,2.3140978906170315
1132,45.54754673295112,92.66447863810396,64.71130145551396,54.330006696728745,30.88252639830313,82.23142549805988,31,1.795748781067237
1133,38.3905757133578,65.81742094809663,35.673235113535355,76.54382071410527,69.18289785468679,40.261796179018546,39,3.9879427023772784
1134,53.63306199825396,67.24794396857209,45.41282413648679,85.68149725528104,66.91797354858734,50.01718532483192,25,3.6200266010330995
1135,96.00367927387634,37.502040793784325,77.8281134561717,94.90244736356169,80.3547535658411,82.78276303805913,29,3.3516564176337025
1136,52.62420524145287,61.318865677641824,35.32916016432101,46.42494572988175,92.31806371124614,79.98312481469239,32,1.9679425910967994
1137,66.31534352203562,67.28320865185162,89.5844839834138,57.95211410665157,35.558460925012064,97.96285030772063,19,2.9354883487678856
1138,79.21132712266245,46.97293525443108,64.6602568909782,40.66912093312922,81.20475432382537,85.66226741504698,8,3.8416680806616412
1139,55.454072166550574,48.84702616645667,63.64106041286536,99.47384515108627,43.118836086830754,97.04636246388029,33,2.4108718144315207
1140,98.02474579046725,56.409891417323585,71.46854492616623,94.89006775470067,90.07239372100148,82.15243009208842,13,2.4350694855451245
1141,97.37131064594779,31.404983844440846,87.72766761476043,67.79699911963917,87.33444597031593,57.883132518366594,31,1.5094227181443665
1142,47.62476070777549,52.54554159082248,54.34664455315351,88.94233060634949,67.85556284898811,46.32189533505139,30,2.0227302049361384
1143,64.80739541246697,44.801360489758125,77.46113067913444,66.46705840904295,79.71699590363181,86.90943180069613,23,4.126216875365503
1144,51.06148168717388,52.924814652454025,69.60123747970538,73.65099816019318,52.00450792286239,78.64895328855496,32,2.825239474913121
1145,49.93883460642273,38.38334922734759,48.69197891185949,36.238710248121166,62.98175292529702,42.89116074359777,21,4.452703497703302
1146,32.582086314817296,92.33690965179264,91.50409904486105,82.86892943477656,87.51458283973301,61.6030279540587,24,2.6871238907213777
1147,72.66950337859278,71.5514717487834,85.81982151248496,38.939943854466435,62.148563802124976,97.40798892905717,44,3.645559364340724
1148,65.1875316260203,77.53716234011426,76.09162842608978,87.824734117677,55.04587857278092,70.02406874261207,43,2.3457571287141876
1149,33.60351258749925,85.24198670251369,89.54072103659693,84.741966136927,64.59487130752099,65.96374816118228,27,2.5914289234228005
1150,49.505252496562804,64.89095392503401,90.71059406718616,79.61212884200836,87.97744767060529,67.46197630955764,36,2.0721779627726837
1151,93.57861201766576,36.084420166119656,79.58540837005243,32.53122663673335,53.46456331596109,52.53296344030982,37,2.541187105498185
1152,46.769332346688074,67.59745792729834,88.59093298545704,51.218984916173,42.16331151950207,62.122430251887714,9,3.1417125612619294
1153,40.14264104638562,71.07887826146154,78.82300231684985,48.417879893759,79.84098142315466,62.188795359230596,38,4.475318642937748
1154,64.26169321942942,82.1807631929031,77.60985402322103,55.20954852300633,87.81847488956572,43.14130121124835,44,3.4926051392153568
1155,98.99553178774205,60.21616823607756,73.3027964750629,36.1349922734687,37.04462349664733,86.0540577110751,15,2.097737863224942
1156,46.94386900580503,38.93062119568946,82.69016476903488,95.5870476121744,46.79118789291613,64.99026591423274,7,1.6348843247746534
1157,-10.0,49.864313405910714,41.10235737051516,68.76615684986635,39.938039283269575,89.3307932089854,37,1.8790694439435318
1158,83.31337307301024,55.41576074790446,91.66095314392498,51.38670174606165,54.35589881075167,91.02088006719373,15,3.187665603819142
1159,46.63462807946797,75.2142068932121,91.02904694216625,57.788706195199836,61.52456852337889,52.71964328191949,20,3.7954809864502987
1160,80.97514440283017,69.95448132682384,32.047309812419144,61.30417783533849,82.41784358743146,79.44120893020772,22,4.321257621902241
1161,55.74481929034772,54.92677081284924,87.80717253953338,72.04160333524321,75.5803309417172,68.3369082497789,34,1.5474695159904623
1162,74.26140814155056,99.05606741550858,39.020890723141164,66.09755993875484,73.46499972349018,92.8094042752891,14,3.0682804246856095
1163,74.34707975326262,72.4042373549821,53.45831979813993,94.35743812500921,54.66624626267581,52.94444075058725,22,2.91260206866953
1164,-10.0,46.60587542151961,82.04557794041254,64.78744380340811,88.9013287159332,80.66879201860266,42,3.4681650659271117
1165,36.32028390380858,37.12477308342826,41.253192723381574,99.45106103763189,62.99010171787152,76.46512733516334,23,3.1787365633960256
1166,88.47117469124666,40.70013974290324,87.25769168833435,89.59974704215671,98.53734566106081,57.718088654309966,40,3.5611174517474415
1167,52.45460454802151,47.21704098691557,88.24939245704194,44.59573600501351,74.38994968070158,48.196054219070355,17,3.474247754247571
1168,43.0562957279898,41.2476961281689,65.52274136325853,95.14166502507413,38.83853190951519,79.09838562863659,7,1.8510351745738385
1169,32.85425990883348,43.0596916835914,30.44701102017835,38.14564785198333,77.33242934528039,84.31584748793983,14,3.8991537408561587
1170,71.36250602317693,49.956661808569294,50.09266932224389,87.22147959438341,52.75728108021893,58.937640625800995,42,1.8696977271489745
1171,77.42950532895978,42.13615167063284,73.18488428630195,56.6436305433606,78.04290376802682,78.68995624133882,5,3.5955918756274112
1172,31.16114802494993,92.77357972384976,98.68303246191964,91.45820243115486,34.874880371368405,63.7078544566902,31,2.7484361029218203
1173,65.84651408094967,35.61636219631495,74.22694689116679,90.76396830752152,42.24170060231716,82.79241299695707,12,3.0415522037297937
1174,45.85470426385566,66.71579726991783,48.186250674491184,86.41477800823348,89.90160812340504,,21,4.2098940431271314
1175,75.1620953286615,58.72777788927631,74.38039921697279,85.3021305414943,45.90256899164604,93.41290015817046,13,4.16965117942046
1176,42.2056500303494,98.76650318360245,67.79897658010988,51.32753973686285,88.5928787670058,57.244575787934785,10,3.9535689169650885
1177,78.36564166717261,37.842723151763664,84.58917766058005,35.66434981358765,49.54932619180873,62.06715926536917,29,3.0304451413689697
1178,57.07147424103762,57.84989193320192,37.48864471788709,58.208612513561306,75.00173370410954,43.48551712482099,43,3.708719430401499
1179,95.57109921157142,97.86293032927583,83.27195317514196,42.146716049055605,78.59054014568818,46.690732739276584,32,3.0386911665564282
1180,39.62646609021952,90.58549881257862,67.88866050732773,78.64657622317232,65.8858327201537,70.95171416273969,37,4.108818247424333
1181,53.8746445735181,87.19504496644959,97.40944027012962,54.22698085764499,51.37174736877119,56.05556060367829,41,2.7083274996987
1182,37.943146486841236,48.05319789314579,53.931051622708026,98.29271406019404,44.88510634597673,90.12881354453165,13,4.41070603324463
1183,94.7285532794994,41.96213111730461,74.28353251937637,74.86804541417324,32.323254819369836,40.88160331929723,22,4.296968274686632
1184,91.41375473666866,76.80502539471017,95.24196738570123,87.57363945440527,51.27624808685067,62.74564292031617,25,3.7248078583553568
1185,48.05591394006089,95.05631923893101,37.175680959347545,39.27672709192939,75.72139533718982,60.24073280614556,6,2.338247652528216
1186,76.19888322239254,68.97340251097509,95.60599410655158,90.34101375908358,95.68133729139379,41.15965785505606,42,1.8949607663797752
1187,87.20555401408511,70.01288826289299,78.15200056105694,94.59300333593761,90.98431375841363,47.462103940030616,44,4.064110350279592
1188,68.86405681196237,49.59853655621989,34.74859413736203,64.09433431732552,83.62453435747119,64.81856049511812,40,1.9959068584138837
1189,67.07554048492045,83.86450532343558,51.067449686277136,72.43770564256842,85.19131402773091,69.5718750668468,41,4.062782366992007
1190,46.929660363031616,43.093062399026635,79.57204620516971,83.53668606320969,76.54894324331967,64.25738483529214,19,2.9722950201370812
1191,36.51719374641294,52.657546548297056,34.71454210281402,42.23870390822888,48.220080029620206,71.85626070472563,32,2.7196703514243126
1192,92.80510305673288,59.780550703149174,70.75193221233913,65.17962535244098,93.50365214940808,75.70790049434089,22,4.209572336503287
1193,93.02926400143313,65.53272650791186,54.21181398670697,57.906411944061915,76.95126183340838,40.59542926767014,38,3.3115529476208336
1194,-10.0,46.968681269055615,73.4640862437234,40.246179451357435,69.2308441686308,67.84570956721024,26,3.229842021389153
1195,53.73208537340905,38.03857773174425,33.2019423668759,55.727409560407196,37.769262844943675,97.8099544532553,15,3.176297833873193
1196,54.44467022288626,72.74340297091427,91.00757643066635,34.77206165698455,61.29388806644978,,17,2.6135085480585944
1197,80.81689752091675,50.2041387268179,98.14422784241778,31.80683348646409,62.22507898413484,80.65253604753718,8,3.8569293105873816
1198,92.79771819668039,70.68667549958286,97.8214498699984,39.461640240837596,90.5194526665869,58.71183147501299,26,2.258395332047319
1199,92.0960496985582,40.80539006919416,82.47562822200473,97.41805781124216,68.2653754131452,86.43948268916574,11,4.316684880123825
1200,84.59128821003367,63.67980712983722,39.106036809144236,68.46706751265118,56.62803842792867,86.3752889125669,28,4.1819556151408825
1201,74.94221523080014,67.281260278611,83.07842371503159,97.6075512807254,98.37602299574615,71.27776285924834,8,2.5124409770246947
1202,35.889797549653416,33.62764757756988,31.721084152116106,60.27485148310924,37.750441532842096,98.56082939675281,32,3.688391309494991
1203,41.31400998662296,53.56229947357444,31.548648607029808,51.82712931596817,59.578389981836125,47.533012885759206,19,3.2196695833487743
1204,92.89879319689555,39.409027385728194,52.652715340467886,65.42993039881708,32.94172726199837,41.01685989337486,5,2.512947905997704
1205,72.4500341761713,34.43624793309374,64.2050233283266,60.76581820430371,81.79328845368512,86.20949270542576,7,4.46556494398634
1206,30.643793613164075,99.29721626729616,83.92851924654553,37.39652789832208,94.26535865394054,88.42933224189295,18,1.5757120375447926
1207,37.103008000622246,52.56476914823061,77.83067636245536,74.85784202831444,49.60261306853426,47.21243374723458,42,2.25793809186386
1208,76.4451238375639,86.69121120982444,61.21318944637238,45.12267277567197,90.08391737593846,55.93496997751636,5,3.060222183333451
1209,30.35431086923531,47.82484583346347,49.15386663971661,73.37115684284808,50.45527613233284,41.05314180199773,42,3.0658590104356915
1210,41.256563599224904,77.70519055567505,99.79871501103977,75.51407646787074,93.75391131507406,57.598516646833886,42,3.266799224836692
1211,68.41136525566102,83.21595019227806,59.83269115651811,40.64173971900537,82.77733325177488,86.38851243512029,25,3.7550285160687578
1212,78.43266383848854,71.6947118425491,61.59709170307728,34.29447389774677,86.34347437890071,71.07763166275474,33,3.3704334915578893
1213,75.63728816518204,63.010333198511084,41.453667483416844,84.65331102479078,31.260458892031814,60.88573559009728,9,3.300844381584111
1214,45.698851662239186,58.8288639903088,85.63666841249506,62.18602966385241,97.39672499518181,62.30435769437982,14,1.6605433887391299
1215,79.8525454943275,54.42077865800967,78.55775580470421,34.0714656853833,80.86696944492263,40.08121754292809,32,2.629590863367895
1216,46.607436124776,95.06704009734781,45.45387289521322,99.6406422018837,51.33257667702934,57.98803165391415,25,2.196167219103468
1217,52.77797887114874,88.14335854514104,35.766673193108986,34.044639269745666,88.05762654011929,78.78752449827583,11,2.296110334805926
1218,82.25439835826168,97.55188374665588,77.63495114522992,78.65246602009873,49.706483889045096,,7,3.1630124230210344
1219,-10.0,38.70080564398813,75.81578499967947,98.85752476843895,91.09276876962895,90.82364961903397,24,2.0985159447888253
1220,89.44563873459245,81.1607232642551,49.12816688987465,46.742607295114794,37.880627328835594,41.41569787873175,23,2.3818473030506926
1221,76.03290246102404,95.68383197747265,96.56044935752873,39.95745580810373,79.2580184222557,93.91363628049035,39,2.21125412555202
1222,69.78160223348301,42.68631463159621,40.574052424663016,38.496945759570025,67.84889336514372,86.99190479791756,8,4.345508829654584
1223,36.55723374796647,34.654738715674426,60.26343607298213,51.22926032973169,36.75741291368086,86.82256741425883,9,4.333997196513286
1224,55.74010621416035,81.87844545030413,96.05311441173193,37.073206770745266,46.932567978118726,67.47974554021428,5,3.329824675788155
1225,48.564165737720785,70.21311792259382,59.38091218482856,78.45129391858924,30.868282539412036,63.88031757727017,8,4.273567406195699
1226,47.07927503653585,88.92801437307904,74.696816336486,34.36042586910439,62.81375758251541,58.174943729991554,16,3.8574379364051197
1227,98.11073883267119,39.78406636384027,57.831607857395596,65.65954897048528,51.08856825320002,43.941691537261946,31,3.269843648405426
1228,57.51684072667323,85.66871183019231,49.1950641644069,99.76877976970837,71.88502390084312,53.69412180962195,27,1.519305634490387
1229,92.44325886239793,44.11391240334211,98.87843535718798,86.97791886542132,50.80664653960321,54.79621809868148,29,3.817548858238212
1230,74.1797038198084,41.455916000599316,58.65338044205301,73.06536067617077,50.994337805488925,,25,3.6074650247654065
1231,85.6367912479154,41.49860585516951,92.58694425753941,51.43775345506282,82.02352391121224,84.84666439580164,28,3.345760959847242
1232,65.18459651736345,87.02023041619674,46.09682241237603,73.6727085404147,33.36999851848474,68.4285897038768,29,3.781272935047415
1233,70.38327192384514,76.563805448734,44.91732928175583,66.89290247381561,93.2026496634391,43.47066696682964,36,3.038766494324297
1234,64.47623856732048,66.61457973383835,32.17938580191579,59.82583687232601,89.6584712073827,97.46738805929223,36,3.6122498139640173
1235,43.66700914586312,55.118133888645175,75.61667777631195,39.14972637181396,76.74632782584845,96.56345914564673,9,4.3055162601794805
1236,80.57164806830536,91.40403785691758,55.796844060663275,92.06229506683266,71.52550990751689,87.1113725889045,40,2.6274150475382587
1237,49.654065370859904,57.47115751958448,90.50507748877459,61.484925417492576,92.46117486977565,99.47967409385323,43,3.6243655047018764
1238,31.702117650201767,87.1619607630104,63.124693468409,43.62357582745356,42.97311256701001,72.66893996801578,20,2.927063454032876
1239,75.18306071350175,60.73944359991529,97.77353995403053,55.74315456141027,35.527841353358,97.76610101519236,37,3.5231989554419445
1240,-10.0,56.38611005974353,42.98678609921848,58.989082677024896,46.76571189366767,44.53630243700505,25,3.7886800066630926
1241,95.832100904704,62.38758499687245,90.80362175689275,87.9276526896812,85.62047950901332,61.940844895682275,13,1.6363575013073879
1242,96.77500039018112,51.09645119148995,84.36177969542192,81.35300663929814,32.42691867085383,53.52287608040595,10,3.4398013318459855
1243,94.0405073154314,82.33265661233759,83.96452912508364,83.85134255489379,70.79647845584427,51.7499850480562,39,2.180223553220834
1244,55.9111090178811,65.19042730647354,89.13482596818213,30.772188510005304,99.6806261333917,48.44817693356056,43,3.5100976134227
1245,31.08196315702072,46.25488866027721,83.27167936600992,59.130779872583304,89.89872656862775,77.34481849395979,26,2.9049905578014403
1246,94.98229938114078,92.9702201292198,73.83542251419908,63.69409061447266,66.50119823305127,86.8793113448383,9,3.8206582255946615
1247,59.972890382212,56.8723854961248,39.18714143776713,31.343459377613968,34.454863650064965,74.69790396522164,27,1.8702024456167892
1248,97.66583733305687,68.04870027797921,32.27683256438763,48.186924612152396,88.1961460069997,48.817762575292576,21,3.3789670549685855
1249,97.45339839624769,93.45304776751829,94.45934934709808,83.22028761854945,71.92849557240473,88.66742619600825,16,2.3354121867826567
1250,89.71066188271521,73.69665971397944,73.16552201645166,39.597679401029936,38.04530979416968,78.15728242982371,27,4.058945985991775
1251,50.611422444870996,38.18286284958548,85.75761036833234,67.47170920168142,36.570009937634936,63.28994236761973,20,4.285150516908923
1252,56.956841002134766,95.78824865294325,63.706564605878505,45.06413104120662,93.67387736056148,80.44781773216377,7,4.489194881037166
1253,89.57956700617999,73.93956371499925,38.211573227367616,30.84845422507253,76.8440184056655,55.59429875456997,34,3.8880222072818498
1254,52.18454036093944,53.44339302599603,38.76300545417853,46.8841020319679,88.05007595217289,60.71153250965263,26,3.7612022112840138
1255,41.864492268026474,39.74904508643711,77.989570106028,98.31116284370377,91.52852301975872,95.04915058791941,13,2.146502276602653
1256,68.97608837208452,85.58176324892071,60.12141264296239,86.10759783180927,70.02406464338256,57.43027034028522,33,2.5080211769703262
1257,95.53083419125467,73.40509291499595,44.03673086902357,97.17036510247233,66.22124462285288,,41,2.8970476252868385
1258,78.7220857672481,67.34227643834251,64.41161827190058,64.14978307484537,60.12991872246931,93.40846824376088,27,3.820143143346749
1259,69.90428190625555,92.57248081356704,34.494625595259386,37.68153390742525,52.18626114537835,82.46328101605164,17,4.244897595233906
1260,36.8023545639538,85.20180478571714,70.73799813400791,68.35716422815851,60.42171726010982,43.73219356988216,36,2.067417300068954
1261,-10.0,40.61724158129258,48.82953831045684,61.80641341919726,84.17157590111094,48.83818265673822,27,4.267102454010309
1262,99.30376950729843,51.82054474568838,85.82913704460317,89.10499579177312,72.1346401710592,40.470495446315006,21,3.586873957062174
1263,39.80588106655668,47.3942397870126,51.72533712465017,36.86578065489712,92.47663029683923,77.85530741374981,44,3.3323121920551158
1264,66.28307566546158,82.07624048008739,61.86541043572608,64.17687959152448,61.03660100654314,66.8604055246251,25,2.0995238138458188
1265,91.41611503495687,32.347270431504555,30.813437793567044,40.5034065285789,72.49627051031278,48.05649105413653,6,1.6665750984274517
1266,81.85380324279431,69.89227794099216,35.07128214561912,52.7273148823042,74.19152871643921,97.47604726340623,41,3.20539469552382
1267,78.79110186966875,83.37210800184835,57.47454894846794,81.61499541714598,71.41880136144279,71.7795834367372,10,3.4545470499866773
1268,79.17388587909764,91.37359457332246,63.595718430198644,63.32126905581366,79.18436411598614,54.51359764677335,22,2.1323443480640645
1269,55.16438058538286,53.94572241011352,72.00143836835126,56.31217996020385,46.620342786236435,70.03621426928245,34,3.169368617476369
1270,50.55142909851453,87.48801132704091,50.416380509651226,57.61333949990247,65.86546442820534,80.77721996410646,26,4.069480208287721
1271,86.65528088349595,37.744221586864505,78.64873202885798,62.16127378841907,37.295736196584336,44.57435307841387,37,4.00519783636506
1272,86.70793762754266,89.25166042141628,90.20856780324432,84.95115806859398,56.91579293513688,56.482228902873516,34,4.282065541758891
1273,90.69506230060726,38.92420636323877,84.5895692225345,92.4459282258164,64.13669480348851,88.41792945303962,21,2.597657428670641
1274,93.92683867895299,57.81011033922571,32.773317774385,96.87342805527499,75.65569816818308,67.57989222415968,36,2.454148717652756
1275,65.79396792026564,85.81067560456876,63.63548630804802,85.08323703787066,96.53717368103425,72.7946285219377,18,3.748278017942426
1276,65.10614062810397,40.49421991441417,37.34511248927224,52.07848270236089,72.04557465838491,65.96896013256816,14,2.793337215291015
1277,85.88066252767426,46.0475976662849,46.943151110376924,78.16942942605795,82.05157413235918,,40,1.7626459920833417
1278,75.49747515444356,80.55767978751464,99.06638152870025,60.63221868387743,65.43862416466419,49.94498678920935,38,2.348403392011499
1279,79.13768140803924,80.4025575582252,39.974688003105925,47.82694354322358,74.3872821963432,66.73249832451346,13,2.7557468565944676
1280,85.70548686052707,74.8803343019708,64.92217074159493,88.86101055981459,34.96525512936414,52.551127924475665,32,2.377549276428756
1281,92.30037392722964,78.576391112697,73.27090140226834,32.68984442736275,47.807410658929285,42.99874171958072,15,2.496616712841965
1282,53.65966097960751,67.99071103433172,79.17254793808728,93.12333944947964,55.32971652435971,90.61897984310943,18,2.3813277185231723
1283,56.29080668479608,47.625934123486694,69.17540784408399,62.30342252373139,63.07453485045595,98.87155174984696,43,1.6244975015492384
1284,36.57873578886083,54.19871954527436,30.683959319342858,74.60410337657963,33.19541218516686,87.58857243980437,23,3.411284102473328
1285,70.47960986973217,42.7118401760998,52.85229157707943,76.15477455440478,39.80168682873224,91.22709530228002,19,3.291877261060408
1286,32.515959165771946,93.59153929335397,66.2398150369298,92.65824184945754,49.37700154539141,54.518627819022726,32,3.460150495436042
1287,62.59186126927221,70.83742563362844,36.15065494013834,74.56687775170451,98.00728836307354,97.63761853079198,28,2.0769296881008823
1288,-10.0,58.05959917345479,54.543885184642654,72.97535093320433,53.19429049721356,51.8155422672057,12,2.3869636248374557
1289,50.05788764897991,62.340406255089285,32.32421761539566,34.6656428392483,63.742874067845776,97.08578862170994,13,3.358847780834767
1290,71.35832823983075,96.30983377282708,35.500494800851456,66.28856153616428,43.726839891687504,99.68915763795707,37,3.2988827053797642
1291,32.13501749573346,40.73459821812561,57.78462933411173,40.51183005719292,72.75460497530378,82.70336834476292,37,3.0189909280628036
1292,32.61437321244501,71.0360882411758,39.29010278301423,81.62036381050399,49.6478250861182,98.86862390750932,23,2.551239750030592
1293,87.58203924617608,65.41220752191262,69.72785937830906,65.85553445688721,44.48948049068987,74.17238677402622,7,4.23879301432407
1294,55.21334489878841,72.80179648042534,78.2625478396086,77.61594454458474,66.16008399121853,55.57250699056542,14,2.5193107268965313
1295,38.894235885631936,31.267712867458837,86.0410689376358,32.9171030421669,30.385405941229457,66.21975313993725,44,2.866857469311755
1296,66.5570282038363,91.0486736260906,44.010517097136706,35.935441123206225,30.53648228544577,75.61365612272715,5,3.534341492862626
1297,83.89954871690276,95.24827977385287,41.72378075813488,80.14263716438776,45.33481663713005,44.3848937216209,33,3.1290642926002925
1298,-10.0,69.55932285124462,37.31974882340802,35.045903519907135,32.57049537505748,77.34059587703476,38,2.5406579290931566
1299,73.60233330733001,78.76555767138245,74.55011746805457,34.9879709435681,37.561802789148395,98.87067020573767,17,2.8069343713695294
1300,35.97432254956376,94.5749566824107,79.45330085408308,30.84759326644212,53.72024545371261,51.406458987023655,5,3.8834424535605185
1301,33.617720481802536,79.5067044019379,32.21103013779494,96.9550978809636,86.1809975705869,,38,2.3343874664598374
1302,67.19482420977036,40.6777330039983,95.53485723705829,81.62558516213048,70.04340503585107,94.47392762677717,33,1.9267657193304464
1303,67.84445851270746,70.34018521167692,33.63798985560307,54.72759859514449,65.88674081694916,96.62209556921326,17,2.439489605489331
1304,74.62009310487446,72.47005324679992,67.89074347107493,50.75749069013587,50.54421762456852,97.60813626432683,33,4.048602646463704
1305,80.82639336058631,59.68914699116702,79.63423636156415,54.479226082209465,95.22276036029714,71.28757832328832,43,1.7669691445690399
1306,98.30964556237743,81.5510964937306,90.967838662226,84.22574718268274,57.79105288660342,98.63847447949021,28,4.475088220117355
1307,66.14102438108367,95.40569103383103,79.98608524926995,76.29594277492902,36.096493675704004,85.43861242806634,30,3.1230086967829873
1308,52.606953105887214,94.78979590347434,86.12096581488544,42.96368975072276,73.1946561282461,49.700286174217716,21,4.454537231901282
1309,85.66303363380925,61.55875599828924,53.761513477996424,42.18765347338591,37.9686875433621,68.6140063880782,11,4.316989266257933
1310,-10.0,37.926663208852865,87.03775796225585,36.88769547993781,54.165619996118444,83.09987052232023,17,2.85844114263275
1311,60.72799944939453,98.93888392736342,35.60803924692726,76.22119037909367,65.51883571024662,54.840418949145004,9,2.095473223816047
1312,35.49194669395862,88.72286605121539,92.63716592423694,83.50608635552152,91.1955767279623,78.43691101293325,30,1.9946543296954153
1313,31.774552039082025,38.72638768422868,68.33146633076154,48.55324998275028,64.5482606238083,79.99602874279715,7,2.2199680916098723
1314,97.38538902745475,94.45893178321606,87.21084389737456,31.466147272163898,79.15811362221649,49.76198462851396,11,3.630397921693612
1315,88.51860843585442,90.89274534434898,61.66227991628101,35.75201672334991,99.49717872993493,73.90511874716537,43,2.3188499841944634
1316,78.71819442655885,66.31866399882504,75.05043866375675,97.75020243915213,39.20423839285871,86.29761465871647,5,2.524275808812895
1317,58.62670610899889,71.38928050214506,66.84818626552791,50.68113442341942,49.231206786366364,,21,2.8463364119838444
1318,42.130602404959205,57.93018927090912,81.21126652287323,83.84562034866934,57.62032529183524,40.72618700656645,29,4.2396980412643686
1319,40.95059298697602,33.833314717542194,35.71409874214127,73.72644981979846,59.527972497718196,40.54230814475753,7,2.068180253654538
1320,47.51700287152167,53.46380691521307,34.22464587933946,56.73577477570271,58.771475268588205,61.42176063820073,19,1.5150796578294092
1321,68.44586652942843,86.19974140186079,47.29722638071025,44.398108353688855,93.53277017895884,95.57164410590693,33,1.6802892311345103
1322,80.02171458900436,30.3242416103222,41.16812760792318,38.497049271158446,79.98228511267996,53.72060677621653,36,4.214299025040354
1323,76.21381637024119,53.344942018380095,91.02484966145411,73.05090776272067,72.55336498634927,78.06182133230124,30,3.442549394530089
1324,-10.0,57.87180855136603,45.344979115063104,84.22436464464516,51.65609025039475,53.324552241599235,20,2.3191218579834203
1325,96.84056964642359,67.6176922056546,98.31056790733919,75.07329774787914,87.66532689549064,59.300199379572916,29,2.0315775030335734
1326,81.65278416870379,94.38989314889324,53.58270542397748,67.12114932744109,96.85423580394922,90.88252537608903,32,2.382800209911343
1327,68.80478367579805,54.24421960561729,42.748254098208946,32.93658564021454,87.48387977851586,83.7316865361968,13,1.8443907817538403
1328,72.82045223640466,54.28672413273594,85.27889549997354,97.79421443160686,30.109557363403102,45.723956638792636,5,4.324598730853323
1329,59.372004369945294,81.62508736768238,76.10954428506133,85.90999341582022,74.54809591283849,65.72212125918603,33,3.8526185230958006
1330,47.34116926508102,61.6552558622865,64.87370015171973,50.497542569067534,33.57947670094705,41.75018581871587,26,2.887173530737622
1331,54.91808750558831,45.722337605798735,68.87544856563419,98.59792305511955,48.03250542336053,68.85340879618053,20,4.094887815345606
1332,83.04922773250584,61.67076612928854,80.34412447905848,72.13171127454254,34.16672902434402,79.74604070206408,11,2.248374612879697
1333,31.00754420408291,39.85999142658599,45.99183189319091,70.76958607450726,72.26568170645714,47.11015741588909,18,3.651361705416581
1334,38.12508483548414,42.34708905543563,99.74337412397193,82.36512256006725,78.06129394448247,57.333096334549936,33,4.06839749704123
1335,33.22018494152269,64.88574409176358,98.23552135027482,86.82388516630962,38.01413466461336,63.87019753012942,23,2.570306134869818
1336,32.85101616232791,59.32478146531835,75.52279804428558,75.9535025132052,56.86872181314857,95.17186147936299,23,3.772393336352153
1337,89.8822408807705,94.039213074767,43.96797156504016,38.966702245634,61.93655562688794,99.59530092537784,6,2.385217047792928
1338,79.25605015660166,55.367572938164315,77.61597697019039,53.67872541961489,55.83371152326416,42.69467793973695,19,2.3965714057770926
1339,63.19216803611276,70.64118451946304,35.05388862854231,94.96585482282349,38.47175003396352,85.66047540972352,7,1.8211715356625582
1340,36.848391245570106,74.25850015436713,32.145675154406426,45.723092829069635,59.326345313123284,62.30344398414059,15,2.8201741395281963
1341,64.41311125817826,30.916611961183353,48.03780219578496,56.051691668625935,82.58246334658926,63.547491173768805,34,3.689135719492267
1342,63.143023954639595,76.44761604116974,62.383606971752144,60.24538180609372,34.970536517327886,85.25589840082137,44,4.320662416713855
1343,42.124130893701064,42.4625176808826,90.77907537858664,60.758349278611654,35.61260098573324,95.10558592872451,22,3.311390975787288
1344,-10.0,97.27492222286186,80.90183488364156,72.90577077461678,54.833990428518895,97.0557156701529,6,4.089406613207217
1345,57.895331407816144,40.406390942717906,81.98945648399868,96.01530864212953,95.92079981332475,74.62735516229924,36,3.967483947870681
1346,73.10950686365516,59.023688660891665,59.784533411365274,46.84848982827535,76.80008527060399,61.42726955803017,12,2.0200291589258423
1347,74.45655556073507,35.974476765505074,54.215449478287404,38.50509634106427,77.50689696707954,87.25294515152675,26,2.9574522867378943
1348,33.17128068404312,99.78119762921631,55.97271340892219,43.82293429019561,55.33439935865054,55.060082995738014,10,1.8507706065761744
1349,56.22288302385299,65.15365072318698,99.13546946152405,92.08474301464886,71.55625538459769,73.84444173001106,16,3.546459484684905
1350,73.81019409999655,71.67695121240307,32.80764339887377,75.20675688586442,30.709182881942038,61.51470769149239,44,4.349699004738228
1351,65.21953810060614,34.69535341718992,90.6922047285714,50.01347524674121,74.52672324866796,79.39786442247257,40,1.9112683742362695
1352,89.95428888318256,82.49723292794245,70.50727860006754,87.11628572780322,93.93008633033656,54.42393477361041,19,3.701649392407624
1353,76.10855421332616,44.693391516691,60.703079343271334,90.29589974544052,72.88014278413735,51.49557674408955,32,3.396714452603583
1354,41.405409895700075,92.86380026084996,80.76803622905956,89.25600370831947,91.15890154264414,95.09434520052622,22,3.2508151110242993
1355,34.93981231803009,44.3597748337405,64.0668258997292,94.32485735476881,80.67811388262658,46.10822097697221,6,2.6703607040650175
1356,74.96934947444208,43.34814044645666,91.13962666571624,47.65687141213531,38.43908914825832,70.3574744640959,17,2.565394943261438
1357,31.855791737913528,32.55847674936664,93.0491304807881,82.85293501223947,93.17173151000893,53.251166977780535,19,1.6357475670566637
1358,71.00429068914244,63.04468615769995,59.520464881141876,62.2377648091898,34.65106910490424,42.335797799540046,24,2.1537261247560404
1359,95.81611689974703,69.53887932838315,49.37794580645361,88.9398987023043,67.37772307834346,42.161129097485585,33,1.5455306468604806
1360,70.28319245131152,34.599604759984665,71.46452300153535,80.99434740131292,39.94959866554204,50.51330632634964,33,3.2442513167460616
1361,57.17189483445654,84.28693316865073,93.86543419316837,84.35132125498072,30.819462751163286,92.00622127036002,7,1.8175597076337264
1362,75.03017529096472,61.73021843236194,44.746353230396664,75.93132863767501,59.54239820893473,56.9487246386216,23,4.119058182089148
1363,62.07770233440616,66.7073188529306,73.60766084944379,42.42001386287948,50.652849535790935,97.02755023451775,7,3.069429062091496
1364,68.19317525211545,60.853392285675966,74.20921540647643,68.15188432278569,64.02003456583222,74.89733757935161,18,3.599069727176125
1365,95.90253661435676,58.05341426127282,81.31791156906968,98.92688176671557,70.40399207141856,,44,2.7325712755214893
1366,57.027184646054195,69.17482319157526,39.209737958908185,95.61716465479833,33.061735061626315,74.80533008016727,8,3.181739427003146
1367,97.283339467674,40.86681721514988,80.1077475277462,33.02216150579082,38.610230658662196,71.00190311357606,15,4.327977530899892
1368,93.37454493692447,42.73496913466898,93.63227644659487,41.5370371010606,69.10496775152978,85.5265752254395,35,1.7482021188710122
1369,43.70537943525075,90.32499347094621,42.57781762091694,39.22101414181933,54.021714722086074,56.949763958371136,36,2.2618133157710885
1370,34.85529106126158,96.2280823493543,46.62803274467144,80.81859369897069,81.04214412846136,61.183023496018144,31,3.839964980731633
1371,37.05446009641987,56.131652139582705,97.99765658291477,87.24497308998616,75.66041540143578,93.64565815199504,34,1.7962116206479974
1372,31.275527795608483,48.952127120048765,42.66838668966429,44.94579564174703,89.19230540929348,96.78739078902433,6,1.7269833117123325
1373,36.61100725291499,75.07996802673111,89.80695653587054,65.40968850662803,78.47449786684578,93.55349364918847,13,2.5846241962621157
1374,77.81047413914499,58.61139197686675,64.45944995136244,88.849211960784,60.09517541731037,65.16687963743881,32,1.7765038754172968
1375,34.98320539221603,31.77704489622414,47.30617520822239,81.29610813363755,77.10766356761027,86.82193018041289,35,3.2552353266186094
1376,52.32829412056329,40.93068181563332,90.9524930890758,67.95660438442938,49.276682197879296,68.58014399806592,38,2.1788257524497996
1377,89.14127176786181,80.11805601931783,61.171367850186584,71.32433833211411,51.44194491447489,69.85239112876613,19,4.187093889598117
1378,31.62903550150781,76.12467593371059,66.03721477507831,65.58523828413959,85.22896119445554,52.28080654343704,29,3.85050024253577
1379,87.0127937812255,31.896719475243845,55.1463358579836,50.828391592317445,61.24936614811075,,40,3.5991156182984287
1380,49.729834234137996,45.53805133530646,71.50655960044492,69.55153950013113,85.88662383628468,51.16815386520088,12,3.350832082153506
1381,38.27153793351594,46.175235761165,41.446671080951596,78.22197114350635,87.56956615677949,59.89388194403163,13,4.09039719102439
1382,78.77160157549054,77.03249205191099,57.375707565623244,91.13260411025654,90.02936363628987,91.3018120971961,41,2.1691861846282707
1383,74.02599927459188,31.37973764280549,97.85886256347013,74.54039477854737,94.16446650888452,52.424548552651316,43,4.119326528292683
1384,91.4230409468937,37.28760073892017,48.06934028907892,83.27850759302106,60.16896543593074,44.269497110405965,36,3.868476895272157
1385,81.454973066272,85.99412597612326,75.97156651789045,41.20501444682011,52.32067728247972,44.14045555676898,21,3.7444824791630564
1386,86.24366512693939,42.49812634380335,52.76330449572864,62.309023209385295,70.75391226158797,96.44707123018648,39,3.183767034224772
1387,49.742420079991454,75.69222754963123,84.14311879806205,30.653213387896532,55.98206964063393,70.41522627771008,41,2.2387324829118
1388,42.4207680645806,46.67279467327086,39.16115625028449,47.26752051651361,72.07519167601632,64.5647243090211,23,2.770643747975689
1389,82.54303261486008,36.960897493154164,97.88747315549813,80.85232005791033,79.39101038506772,88.6527148604751,33,3.8807119636164047
1390,86.47843174870849,47.02205336996178,61.76526789685475,99.42669659445544,78.18835129444957,90.14955567463096,11,1.5953354530719732
1391,99.33535994004713,80.55868522989614,46.52353243425247,36.94246697110511,56.218702091408495,59.93146198693628,32,3.8461523077912747
1392,58.88323738379985,89.89875276744,35.14477231310089,58.10460211029017,41.6802141189127,81.6170834484277,13,2.2202122214626994
1393,56.04126600549482,88.11539051968941,41.88305335612785,86.00496780894116,60.13705369235453,86.2673689511132,32,1.932927602164809
1394,84.34890725193978,57.80284707329184,66.38417639892123,44.28249442402292,39.981590085733615,79.27904121195726,10,1.8471039545409065
1395,53.85624781771125,76.76595955994523,53.59022235019004,68.85594645116004,92.30679246286658,49.095704488005964,33,1.5817500358524454
1396,95.15301279224953,44.348900679107466,88.02183561178266,81.31499072207723,54.21142225165002,92.55298501102342,21,3.0707594556643585
1397,90.08889262901083,50.52034111827093,60.162126656326414,73.11898151821254,40.81218230563266,72.34567316416053,20,2.1547796180811885
1398,60.02958191625129,92.74350729647838,47.40999908113409,43.16173142307913,31.781343193402563,56.94834558220022,27,4.468295297338894
1399,82.56097474540482,30.910134645751523,73.2001490622821,54.87691980800176,75.2075670400539,65.51369112626163,35,3.2233102676166174
1400,82.81800118592776,35.98559715981277,79.47440518198121,84.8654249139778,74.58316222183203,42.25426542393444,7,1.9136558080680313
1401,37.218670818515285,44.552037860221915,41.69293355306649,68.79585598924116,53.84229166069042,47.672008073345054,25,3.5662876224340962
1402,93.17870346756968,31.85725427116738,41.73334514018224,30.366072948003893,35.01983221933557,85.93280503095164,30,4.193230699529176
1403,65.36766607135,42.70048045628581,32.56699988534801,83.26935320196657,58.674022642666245,40.00069808532197,40,3.735538486108843
1404,87.85202262754191,70.81290926787845,81.54814105459484,32.47179484581673,51.78522465443755,64.99394970893754,41,1.729319583118343
1405,52.40347207214282,59.499718541474856,76.46631693352636,82.20136479118625,77.39844478145065,71.35061086513531,26,4.187652543577979
1406,92.68662599473403,92.48701977538823,63.22416130248697,44.173639211566616,72.40454746168832,43.278065200058336,16,3.8817881575798943
1407,57.24411751139142,87.22104932169086,89.0919314278438,97.06514360835662,55.5215609738278,98.38468977833998,17,1.974911700316843
1408,30.758635603620885,53.927214618851316,86.39691070650372,55.75585259114591,45.25247879784931,53.56751987498032,15,1.6553576661984506
1409,93.37673834934846,48.15964034019048,70.97480550777266,52.88521314366554,99.16251763089143,58.25192317817685,20,3.1719317259429256
1410,36.390067375029346,56.57846857170868,90.7789896359281,40.422163523271124,61.780113483728044,58.23655073530164,12,1.9681074340199307
1411,52.351954631329036,71.32064597603654,44.40888470257378,51.39229508431504,78.17919650461658,53.824999727040996,44,4.003772857785816
1412,96.50433769355635,48.764454857601336,37.83437335784095,91.36555332797404,39.838707730485254,40.08842932517869,44,2.5750039700150213
1413,96.54250028562893,73.69042354943937,48.88247280618927,99.7434036339073,63.991278976157844,83.76068764527977,6,4.238677334209726
1414,70.14065216863003,58.65881565338683,33.99607992625204,55.78166713547938,31.927570390862584,98.01072998795712,34,3.1970645164230174
1415,74.22860485188595,68.64330265963861,67.18186696007224,61.40274416681798,65.3818582537315,53.4576089971027,34,2.0480171527190043
1416,61.39118653848239,60.52885703947217,95.5623984606473,80.54496567419159,97.48121849823916,79.78283150820535,16,1.9187966020794003
1417,50.52475401886451,50.61260316793424,32.75404784679567,92.03370463255521,56.89446990900602,84.51377961752291,14,3.2294173126732617
1418,53.006518175894115,96.39173148735097,38.54769398070188,71.51310339307489,32.72972088024381,90.90552274543148,15,3.7856508355873317
1419,-10.0,83.45240559118326,61.653931979840465,57.40679887244805,32.16690536435405,,19,3.8445169432265462
1420,82.66621706063759,39.80792230365168,95.37125122695335,58.88352885940366,57.159073196280865,58.17585433842575,20,2.3272722133238437
1421,85.4105330608094,90.79275831285389,52.13092734837254,78.69327025477648,41.20174555242358,59.517708041381866,21,2.1127402767365027
1422,85.27326999561878,64.12018387746596,65.50643660818747,30.22527845229951,31.634646742973015,82.75727998591077,30,1.5502689134771472
1423,36.38442721340833,92.61865588258641,32.91010013352745,73.37125362218885,82.93495297651238,,6,3.537597453603508
1424,-10.0,85.98986791631206,40.38402406734622,54.884510730895016,62.096610621732346,50.89683806539616,16,1.729704775300617
1425,34.0291132011651,59.764945312846336,99.06410860711928,85.59381318939589,50.24713403808582,62.25646048946591,30,2.7622836052977773
1426,68.46702176266149,31.57285158240822,97.55830875052318,36.50934478761925,93.00582281115365,94.116411804949,27,3.3050464920548883
1427,60.907135096136386,48.80741515694623,30.345798665408672,71.17415868638733,38.12972721403679,88.40161118168436,22,4.311326834759031
1428,92.13929279308098,67.91439502626068,96.62682497962673,63.668102292028664,96.91431802687235,99.09150416574855,36,2.435406410867306
1429,54.5640508786455,74.34347538783031,74.73839564708503,74.96278681336591,51.977670216414694,85.25489558092485,42,2.2493164873395592
1430,38.19469114993241,48.05213798032416,90.75428061640154,34.53975161380778,92.18825706160769,63.59171206167534,7,3.462480462858295
1431,40.009417743698506,39.75492518509769,61.83178989437013,70.59886511996919,72.2060013535623,75.43827003967826,42,3.357717096160745
1432,83.30574422022306,88.44511657595095,66.09172200054752,69.30392115716666,87.86951518190412,79.66085525483922,7,2.4963293499243737
1433,73.27526443213827,98.90815264924865,64.21926061798442,69.24620660913197,98.8809214247325,44.70734897902744,34,4.28430550652936
1434,37.07858732859532,66.79831276118801,76.6804980282273,72.24413666175184,50.1883806473122,,5,4.034586982468898
1435,35.88747642804982,42.017550009381246,39.7755878329419,77.35275560584535,97.2794839785315,82.55924970835657,34,2.1719476375952436
1436,-10.0,49.061512856355826,32.098151291087454,86.34922997765389,57.263732643169426,50.039278240063624,36,2.2174276363035696
1437,35.09341044549355,31.28734735832267,51.55509591138336,48.887450408975,56.98583333158456,86.83790304553344,32,3.036901040661242
1438,87.53020415032493,94.00091645923493,79.32765339156526,87.75345871260434,53.8270972978154,,25,3.820716305192161
1439,79.43695590095473,38.24257580230988,44.129741648606384,64.87789775844175,67.89853251433097,97.13330714185568,17,1.632121138165393
1440,35.69441464493298,70.35615328599775,77.14027033274421,35.39407953940318,40.790153022494096,42.5453378924135,31,3.58000546120412
1441,35.938639985963434,49.18386544810442,97.89384322750892,34.098565047078544,68.75980397506078,55.919568253328016,40,3.4447076921462907
1442,99.06477049508229,68.79246017610554,36.573050105259284,53.39668230872425,67.91933686870027,76.09323275798944,11,2.194440287738965
1443,56.19895570292842,75.59942718463049,77.08214827575884,84.94278839780273,83.3331268823409,,26,3.544059039724046
1444,55.944950294682364,88.08192625950412,61.06251535131998,79.5376654318641,88.35549733563099,82.86544984427454,14,4.320549573756248
1445,86.89596970802518,44.44948902324222,90.76995780642537,85.20304752706845,60.83089452186968,85.54031695131586,43,1.6403575349153057
1446,96.30740041687011,30.769708006093634,42.400485261317016,66.20883395091266,51.16332745460456,46.150957843988465,19,2.4589561658761876
1447,99.02007446760096,39.58199410481651,78.48381665583152,60.81392985688434,48.153442812196616,70.83126785240606,19,2.814530149999066
1448,82.73647296812592,93.00130492936736,88.66807027536771,40.32167686943988,43.623668569341035,70.53343333546336,8,4.197781076774069
1449,56.338170987164105,91.17230542937607,96.12299536318163,52.97349275265181,34.035330753931746,62.156846212932464,36,4.38678433982747
1450,35.845050168906816,71.81891715192158,77.82736198027521,60.381355632171264,53.97135851842994,95.97549175418033,27,2.832345739488997
1451,84.40028411492057,72.03618023035574,64.8022334805899,36.202030077573205,48.917338449154826,89.65037919239327,10,3.7500852364265738
1452,69.08829748150634,76.55256721823788,73.24930681408497,45.442836689784784,97.64921701064851,81.8325629145782,28,3.094983071293449
1453,59.69554064728834,42.27598950364147,90.82334891351027,71.87577058446172,69.03961783750307,82.85959814409986,24,3.1133488042241293
1454,93.44480695663151,94.00883621474719,69.94268226471809,81.49641799674329,54.30939273213553,67.70296862878715,41,2.3342985451990694
1455,37.7838237614306,59.31393674244512,32.12709417877858,99.88432579750648,70.63273206955873,95.25967126579455,24,2.1508687375916384
1456,-10.0,56.81969697746482,95.16640868548845,95.31793319404903,39.74376909419868,81.67572563519713,16,2.3640160377721235
1457,30.794755133719335,66.32423936979862,78.26687257220928,74.9795639674634,61.08306244415421,,37,3.168984021771238
1458,62.80624493958884,33.28761767425385,77.35593700440725,59.487363730585045,73.83640249947447,91.70145422724072,32,1.5874655580662669
1459,33.94122929772861,41.639835812925554,45.0972606678402,74.5324155295763,64.2228482254716,56.444295360531456,12,4.221746833069218
1460,38.31725413876504,81.66235314984593,76.121982916286,84.99561326561624,58.12451604580269,88.42425423200217,5,1.9688511286493287
1461,38.22683727439734,35.79590675475885,57.570508395791094,38.28353336463711,99.56938722297888,51.71443617738952,41,2.1602660306141597
1462,75.44472114812444,72.22064766264717,75.58630839290444,58.693342278740175,91.62203335042489,60.72051713469327,26,3.054828529342939
1463,82.22314154857963,47.17443767769247,37.46151212155935,88.7861599944932,73.6384170711608,,10,3.630344299011838
1464,70.83581355680117,57.25069298293836,76.04917132221252,56.868306635313076,69.8564152827598,98.71152810334843,25,1.7871871642331918
1465,97.35207839321794,50.20856157394899,99.95896080394665,70.03105898590306,73.44623358772088,91.39223342487561,36,2.4530840926414865
1466,56.24094056665928,54.89709015254644,33.374842720238924,71.14385526035387,44.091847547570325,82.07019169541559,39,4.406023816723072
1467,49.99984603973025,80.33321336289718,98.4021928954922,42.91333771935476,57.659642028502304,83.62340569692341,19,2.287028900342837
1468,90.80193897326222,50.79852009362225,58.48355725060094,55.356480915660185,32.762167302362954,73.72436766415427,9,2.4391504351894406
1469,45.65170869636168,69.6483248207828,90.95274152360814,53.415790211935246,63.28822262407787,96.82544002651115,10,4.0094954718541
1470,97.4255777608428,63.32352815393698,84.76698388407914,31.833769597244537,68.01172087703642,,29,1.6506432950713656
1471,30.850813228287144,76.45698157538537,69.69113826906676,31.693423472394866,45.94248152722467,62.831062592193675,44,2.8938395064269127
1472,97.89151786953474,95.57808175273306,81.69144464759285,88.21879305730414,97.48201930158596,49.78212021589546,33,2.6388502933550106
1473,33.02119383654033,81.28004680471753,91.49608929109435,49.11495669809687,93.66182276560694,87.17233913566348,11,2.4497602797259534
1474,-10.0,45.04582650135298,58.28982251557231,66.26551363671709,80.55002648191342,84.06663592453549,44,2.3570987821342935
1475,66.93907763604099,32.18281945428993,52.892321309426706,50.910790151214115,67.33706401357537,63.06130231144809,17,1.7741223145812275
1476,99.50753572835103,48.358483100987755,76.73153698945093,95.84754715807384,90.89784117533794,41.51160483755376,42,2.4444774880549467
1477,35.16575953147792,71.65545514901784,86.5492159358881,48.150773120604164,39.1456640676424,90.33983966308065,22,1.6291572081470056
1478,68.76979990809245,33.599806943897526,83.3599594343631,60.07597689172546,85.33568559924194,40.68507900724442,6,3.8428915909333057
1479,97.85117749333693,64.74563730408654,85.84695542010442,91.09111753392213,38.73745697767938,82.22198677774306,12,2.694683381874035
1480,66.61684909191041,71.77899942418225,60.49083203690531,88.93534967542661,85.59474637845838,98.21542658356341,15,2.831711496959735
1481,74.05790466946837,53.397072357187255,87.24839513225152,43.02709924923941,49.30372977759499,66.2596796888922,37,4.180783759350395
1482,78.7024082289232,83.96385426220753,38.41463387594259,86.18503168569973,91.39634067127322,54.09840429975716,42,3.474164951583662
1483,61.817874533744124,37.461877719364026,68.11423685725947,62.073082071652486,96.08294656777785,82.29226060260291,31,1.5241773100263594
1484,73.92906560588443,35.25964472150661,30.40310623486851,63.80782104597486,40.41571785835809,89.0276885209351,24,4.3295244688838554
1485,70.90200183461701,80.97321293425223,52.72100809301892,39.34359806911606,62.387292354577546,72.78581896467084,16,2.2114333979331335
1486,93.08106073436923,64.68439213443389,55.65230744099785,35.64210596299873,98.66911647138795,98.02211651536877,35,1.8228425542795765
1487,33.18124662390205,78.18816774994153,57.732088412647876,80.95575148816357,63.83852051812026,43.100123299477666,31,3.8043845351426464
1488,49.66742327145612,60.437913702262236,78.68270446829035,64.75228066487098,90.44832657601816,70.28773589827169,36,3.0014319476001545
1489,96.52880388535911,47.24814232673748,57.1990670889242,60.57954918306257,71.21120654919238,83.107236839353,14,2.801311698054053
1490,92.31846487236413,87.33716223719398,61.408553583577145,81.06557600566777,56.27309355437213,91.75842826895074,7,2.248509239048225
1491,61.895972694999905,85.95911152782855,46.62808916120292,83.58590292937768,50.00484888681092,50.755336714467404,31,3.142414469586956
1492,73.40928184610758,78.62875295980987,56.12762541405381,41.12357173685475,44.22561637602611,88.00020890582088,39,2.3231538156077622
1493,49.41668280867928,49.05015960609739,45.9088739084206,72.71576046343489,83.32587339643881,73.1624245431127,35,4.204749015861203
1494,43.16848118066329,71.3161466808361,35.123714663791056,39.474785759437985,57.05783547761195,,19,2.1456134391995785
1495,62.45888834579875,55.26817278580188,72.24140153669646,82.5962560220332,65.78928235405257,47.90290171474561,20,4.153065451367261
1496,54.7346559618237,36.41074513286439,76.77489589885113,75.98686093869976,64.46278360008273,91.91774553453475,17,3.178216277182071
1497,-10.0,94.211950282357,73.36432422067301,96.96302347584206,70.40953204631919,49.43639249078292,39,3.9854644016857232
1498,35.44142458754894,39.5773041643273,62.44458306604007,34.82706114494948,90.59040019371866,58.58727155254596,15,3.6385379875828647
1499,-10.0,96.51661476745618,56.585004612546086,33.9938304805878,98.65175405084005,57.40273191774621,25,3.5900853343102455
1500,99.0347521135722,61.2204041070569,90.43335547002776,49.75309522852401,58.53089460016719,92.28484205145125,15,2.473037423085167
